Appel,Bard,Corwyn,Dale,Edan,Forn,Grapo,Hanlin,Ipsin,Jenlin,Kale,Lentil,Moby,Newton,Oliven,Pen,Qage,Ricket,Sanders,Tommin,Usten,Venton,Wendel,Yanni
Artie,Bento,Clay,Derrik,Ego,Filch,Grendlin,Harper,Iltwick,Jasper,Kip,Lenix,Max,Norbir,Olifer,Pax,Qip,Ranni,Skip,Toby,Urry,Veti,Waven,Yenlin
Avers,Brindelion,Cindar,Dod,Everick,Fernhelm,Grammers,Hunner,Irwin,Jadon,Kodan,Lenin,Mal,Norvin,Odin,Pail,Qilliq,Rip,Sprit,Tomlin,Velman,Wesley
Azuro,Basil,Cindarius,Dern,Evik,Frigo,Garret,Huck,Illick,Jestin,Kori,Lennon,Mangus,Neville,Ollie,Penders,Qill ,Randall,Spam,Trey,Vester,Wren
Arturo,Bazel,Cornelius,Darwin,Erdin,Flix,Gillick,Hawkeye,Istro,Jugo,Karten,Lemin,Mavers,Nelson,Oswald,Pillber,Quill,Rezner,Spalz,Tray,Vanus,Wissham
Angus,Bealin,Corto,Damie,Evan,Fen,Ged,Hemlin,Idwyck,Jekk,Karip,Locus,Mastens,Nibin,Osper,Page,Reginald,Swigg,Tartin,Veeter,Wizzam
Altonio,Buck,Carlisle,Dobbel,Enanlin,Firben,Gavin,Hunter,Iandar,Jellik,Kai,Lignon,Marvin,Nori,Osperin,Pace,Reggie,Smanus,Twiz,Veeter,Willamet
Abelsid,Buckeye,Clint,Dob,Eganlin,Figaro,Gaston,Hux,Iden,Jasper,Kevin,Lindonley,Minty,Novin,Oppenheim,Paclin,Raydus,Stephan,Twiggart,Willamin
Askirn,Burt ,Clinton,Durham,Egalos,Frezo,Gabe,Ham,Ixiro,Jessin,Kiran,Liblet,Mestival,Norbert,Operall,Park,Ravdin,Stevanus,Tordis
Artemis,Bruno,Clive,Durnam,Ernie ,Fin,Garlin,Hoffrin,Ifor,Jeffik,Keanuu,Lief,Max,Nevin,Opalin,Parker,Ripper,Sam,Toggart
Arco,Brutus,Cristo,Damaryo,Edison,Fenlin,Gian,Hill,Ifan,Jeffrin,Kylon,Leo,Maxfield,Nellin,Oliveer,Peel,Toggin
Ash,Blake,Carlin,Dalbirt,Eugene,Fex,Gene,Haim,Iggy,Jellin,Kliven,Leovan,Milo,Neskar,Odiver,Puck,Tyron
Allemis,Blade,Calder,Dandyn,Edrey,Flint,Galwin,Harrold,Ignazio,Jappert,Klappen,Lestin,Novkar,Ossin,Peroni,Tirren
Archie,Bale,Costello,Damyk,Edgard,Fillick,Galwix,Halfyf,Ignas,Jellus,Klackin,Lellus,Oskar,Pero 
Asimof,Brindle,Celerin,Dancel,Edgarz,Finnyk,Galt,Hafiz,Jasper,Klagg,Ozzmak,Pip
Alakin,Bastion,Celestyn,Dandin,Eddric,Finn ,Gandholfo,Hadden,Jadan,Ozlan,Pluto
Archibald,Bishop,Cadadoc,Dranden,Edrryck,Filander,Gardiner,Hacket,Jadin,Ozfar,Plutarch
Banning,Ceddarick,Drandon,Edrei,Fayette,Garai,Hagley,Jonndar,Oxham,Peeter
Bandee,Cacilius,Dae ,Edred,Fasa,Ganin,Halford,Oppin,Pietin
Bain,Caydan,Daelion,Eccelnyo,Faxon,Garizaz,Halim,Overin,Putin
Baline,Champyon,Demaryo,Eilief,Fatin,Garyck,Hamlet,Ollin,Parvaan
Ballerd,Chalmers,Defino,Eyrig,Feargus,Garreth,Hamlin,Ollivandar
Ballard,Channo,Dalvyn,Eydak,Farrold,Garet,Hazlin
Balfor,Chaymlin,Delmer,Ek,Feador,Garren,Hallten
Balint,Camlin,Delroy,Ethaan,Firdorn,Garrard,Halsten
Baldwyn,Chaderick,Demos,Eren,Faxee,Garnir,Haltson
Barwind,Chadryk,Demert,Egerton,Felton,Garmon,Hallvard
Barwin ,Casar,Demetrios,Edgar,Felix,Garthe,Halz
Baedin,Delainey,Egil,Ferrars,Garvenen,Hammett
Beresford,Deshi,Egede,Ferrys,Gerviel,Hamilten
Berlee,Dinko,Ehren,Ferko,Garry,Hamund
Burle,Dinkler,Efren,Ferdinan,Gelasius,Harrel
Bernsten,Demitri,Eldwyn,Feodor,Germazin,Harford
Benzie,Dillen,Eitan,Feryn,Gervaisin,Harper
Blumenthal,Didryk,Elvio,Farrand,Gerwin,Harry
Blundel,Deyter,Emlyndar,Fitch,Gerwayn,Harlan
Blakely, ,Emlin,Fitzwalk,Gilbereth,Harkin
Botan,Dyan,Elwood,Fitzwald,Gilbey,Harcourt
Boswell,Dynko,Emery,Fitzhugh,Gianetto,Haring
Balatiq,Dionicis,Enzo,Fitzgerald,Gianlin,Harold
Baladir,Dyrk,Ensor,Fizparrick,Gladstone,Harliegh
Berrik,Draper,Ephraim,Florent,Ginovan,Harpo
Batoy,Endapay,Florynte,Gilmoure,Harrington
Burl ,Emmerick,Fitz,Hareem
Effen,Fokisi,Hareford
Ethol,Foluke,Harzord
Eberard,Flabio,Heri
Evaldi,Flayvo,Hargrove
Evanlee,Fondar,Harrizon
Evander,Fordan,Harydell
Ezra,Ferenz,Hersh
Eysten,Forest,Hartley
Exelbi,Fortunan,Hermes
Evan,Foss,Helmut
Fordal,Herb
Forbes,Herbrand
Herman
Henoch
Henderzan
Henryck
Hilliard
Hew
Hewett
Hewsom
Holbart
Hugh
Hosch
Hutten
Humphree
Holbirt
Horatio
Horrus
