Azlon,Bardil,Cale,Darwin,Erwin,Fen ,Gen,Horus,Ilthan,Jasper,Kaspin,Logan,Mendal,Norwin,Overin,Pele,Qintus,Robyn,Steve,Tiberon,Venneers,Wade,Zavin
Archus,Baril,Cane,Dug,Elor,Fig,Glen,Handel,Ian,Justan,Korwin,Lozen,Maxfield,Nevar,Overin,Pandel,Quinton,Ripper,Sundry,Tiberius,Vavin,Wilson,Zorparin 
Abel,Barryl,Cain,Duglin,Erastus,Firben,Gino,Hendel,Ivan,Jago,Kallus,Linden,Max ,Nux,Owen,Pratchett,Rip ,Salor,Tyrion,Wendell,Zaspert
Azor,Bard ,Crispin,Dalion,Eaves,Fallzor,Gin ,Hunter,Ilvan,Jonrun,Klark,Lindley,Maxwell ,Nox,Ollie,Pippin,Rand,Sal ,Tor,Wilke
Archibald,Brazlee,Clavers,Dallius,Elben,Falco,George,Hill,Ivor,Jonrirua,Kadall,Longiers,Meriadoc,Nellix,Ocwen,Piner,Randell,Sem,Timtim,Whiley
Archie,Blade,Cob,Dale,Erehil,Fabien,Garen,Hektor,Igzano,Jonrirus ,Kayd,Lefty,Maxx,Nevis,Oddon,Ponrun,Ranlin,Spec,Taggert,Whicket
Archelon,Barley,Coibber,Daam,Ellis,Fabio,Gavin,Hayden,Izrahim,Jak,Kadyn,Laseru,Marizaibo,Nevin,Oziver,Pinar,Rezlin,Spike,Taffrey,Wren
Anders,Bysh,Cabe,Dak,Estil,Frey,Gavin,Haiden,Igasho,Jakus,Kadmuz,Lassly,Mavin,Nester,Orvin,Pong ,Randy,Sarmen,Talin,Worren
Arden,Beadle,Cadall,Dago,Errol,Fibly,Gamerin,Hidin,Iokonlur,Jalku,Kapplin,Lafflin,Melvin,Naffer,Ollivandar,Pazi,Robyn,Seudon,Talberry,Wippin
Alix,Bard,Cyle,Daski,Ervin,Findarion,Gaspar,Heckett,Idin,Jango,Kavlin,Laggmint,Mevrin,Norman,Olliver,Pezzi,Robb,Sal,Talbert,Wes
Alain,Baird,Cayd,Daye,Enderin,Flix,Gilmore,Halfyz,Ibzen,Jestin,Korbin,Lammin,Mexrin,Nooman,Ollivin,Parzi,Robbert,Sallik,Talisen
Alvain,Baez,Caden,Dae,Ernest,Foonar,Geppe,Hadwin,Iggy,Javis,Korvin,Lammers,Mander,Norman,Parvis,Rovert,Sadmar,Travis
Alvin,Badar,Cadfer,Dalbert,Eon,Flynn ,Geoffrey,Haidar,Idi ,Jeeves,Korlin,Mafflin,Nax,Petir,Redvin,Saffik,Trakk
Allerd,Bahram,Cadefern,Dallmin,Eyyan,Finch,Grady,Halee,Iforz,Koodun,Mervin,Perrin,Redmak,Traggus
Alyn,Bahir,Caynman,Dallmein,Earl,Fenfur,Gael,Hali,Igashen,Kigmar,Maxim,Portis,Remmik,Trammin
Adan,Bairum,Calix,Dayve,Eastan,Fimlario,Gale,Halford,Inger,Kinsmell,Maximus,Portam,Rennik,Trallit
Adon,Baden,Calisto,Danyor,Ebale,Faas,Gear,Hazel,Inglebert,Kinlin,Malazo,Trillid
Anton,Bale,Cristo,Dean,Eton,Fadi,Gadyel,Hazleton,Mazlo
Azton,Barden,Carmen,Deerbourne,Etyton,Fadil,Gab,Hamizi
Azzlan,Banksy,Carmichael,Decimus,Etan,Fahd,Gallagher,Hamysh
Banday,Carvel,Demmer,Eben,Faklin,Galeran,Hannibal
Bandee,Cartright,Derrik,Ebilo,Falknor,Gamli,Hansal
Baltazar,Chance,Derril,Ebert,Fallon,Garai,Hansal
Balsa,Chanon,Dayne,Elmer,Florian,Garzia,Hanzon
Ballard,Chalmers,Dravis,Ernie,Flurry,Garek,Hoa
Barclay,Cerik,Davie,Ebo,Flynndor,Gardiner,Haral
Barzay,Cedrik,Dearborne,Eddie,Fendor,Gamil,Haram
Barzenien,Cedric,Demetre,Eamon,Flannin,Galtan,Harath
Bardo,Cecil,Demous,Edo,Fytz,Garnet,Handley
Baldwin,Celerin ,Dempsi,Edvardi,Fritz,Garridan,Harper
Bergen,Coby,Del,Eddsen,Fishel,Garrison,Harris
Bergin,Corvin,Deshi,Edrey,Fordal,Garvy,Harrizon
Berzin,Cobbham,Drax,Eddryck,Forbes,Garry,Harrison
Bernie,Cliff,Dannien,Edwyck,Fowler,Gavinen,Hargrove
Burke,Clemence,Dalbert,Estick,Franco,Gerred,Harford
Barnette,Clarence,Dalvery,Eller,Fridolph,Gerodd,Herel
Burlin,Cleytus,Delfino,Elfor,Fulton,Garmen,Hawthorne
Barnard,Cleavedos,Drury,Elgin,Frye,Garland,Heydon
Berg,Clive,Dovid,Eliaz,Freydulf,Gariff,Heathcliff
Bing,Cyrano,Durry,Eliseo,Freewan,Garvi,Heinz
Bilal,Cavolio,Doncan,Elyzur,Fulbright,Gerryt,Heinryck
Bertrand,Duff,Elkyns,Funsan,Germaine,Heddrick
Booker,Dudley,Eldad,Gervase,Heathclyffe
Bonaro,Dorban,Eldredge,Gerber,Heathe
Bonificio,Duryl,Elon,Gino,Heywood
Broderick,Dante,Elwood,Gelasius,Hayward
Bruce,Dill,Emery,Gilby,Havagan
Brook,Dimock,Emeraz,Gibor,Havigan
Brodie,Dzik,Emit,Gladwin,Hew
Brod,Dylen,Eltan,Goldwyn,Himesh
Britt,Dustub,Eazan,Gommez,Hiamovy
Bryshan,Dussen,Ellrad,Gleton,Hobart
Bron,Dyami,Elmar,Goolcoola,Homero
Bric,Emit,Granger,Homer 
Brydon,Enosh,Goran,Holbrooke
Berrik,Enzo,Grantley,Hop
Enzio,Horimir
Ermine,Howie
Ernio,Hoyt
Esberne,Holbirt
Ermot,Holbit
Ercol,Humphree
Erheart,Hurst
