Asterwick,Blackjaw,Cragmaw,Dusker,Evenflame,Fallwren,Gwindek,Helliron,Ironfen,Junipen,Koldar,Logansteel,Magnar,Norven,Overrin,Polegap,Quickblood,Ravenpull,Stark,Trickdraw,Undervin,Vigstor,Wellstrong
Arcus,Blackburn,Coldhalt,Dimwell,Everhusk,Fordall,Grindler,Helzren,Ironkin,Jurritusk,Kolgriff,Longhammer,Mandar,Nargut,Orskin,Pallfar,Quickmar,Ravendark,Staggnor,Tragmor,Underkin,Vragnar,Wellarm
Altarus,Blaxland,Coldar,Darkner,Evertusk,Fastarrow,Grinderbal,Helgeth,Ironbolt,Jadetusk,Kallip,Lagmire,Magmanar,Northik,Orverak,Palafor,Quickhammer,Redheart,Stagnir,Triventar,Uvalstok,Vimrum,Wellspring
Anchoral,Blaggost,Cornolt,Darkbow,Everett,Flintstock,Grinnzer,Halgath,Istek,Jadewell,Kragkin,Lannistag,Malisker,Norfolk,Orverun,Pimigar,Quickdraws,Redfin,Stagmir,Timlint,Uvantus,Vagrolin,Waltag
Ashfallow,Blunderbuss,Cragness,Durwak,Evencrown,Flintfar,Greffik,Hargath,Ironhart,Jadewalker,Kragskin,Loontor,Magnitaren,Norpole,Orristek,Palemire,Quietfoot,Redfern,Stagamir,Tellmek,Ugrolin,Vornus,Wallwon
Ashbearer,Brimblehat,Crowbann,Darkfell,Esterwind,Finbar,Grundal,Hardusk,Ironhalt,Jarstrike,Kardiff,Lionclaw,Magnen,Nandar,Opalberry,Platehound,Quietstrike,Redford,Stallmar,Tallmire,Underbrand,Valorhand,Wyrmbane
Ashbeard,Bluebolt,Crownast,Dusklin,Eastdrake,Farwindor,Greenbolt,Hardoak,Ironwalker,Jarbiter,Kazmur,Longplate,Murundal,Nalfak,Opalheart,Palehawk,Quickhand,Redhusk,Sogath,Tallspike,Underbolt,Vindershield,Wraithfell
Aberhalt,Barronak,Crownaxe,Darkdagger,Earthspear,Flintwood,Greenhand,Hardhand,Ironwill,Jughollow,Kadzmur,Ladyhawke,Mortek,Nurrak,Oxtail,Parfell,Quartzfoot,Redtusk,Sorgath,Trask,Urnslayer,Vindassal
Amberhalt,Bowenly,Crawbarrel,Diamondhearth,Earthback,Flintrock,Gianteye,Hartwood,Ironbow,junefellow,Kazgar,Langstin,Mayrock,Norstack,Oxblood,Pardeck,Quellbath,Redspire,Sorgathus,Tellwalker,Urgut,Valeragorn
Ambergilt,Bellmet,Coinbuckle,Darkbolt,Earthbinder,Fellspike,Giantsail,Howlbearer,Ironbrand,Jasperwalk,Keenbellows,Longbrand,Magstack,Noxtorn,Oxtorn,Parsendan,Quartdown,Redhawk,Storskar,Tellstalk
Amberguk,Bellfar,Copperhall,Darkbrand,Earthbane,Fastbender,Glitterdrake,Howlheart,Ingotbree,Jasperbrand,Keendagger,Lemonbark,Minebinder,Noxblood,Oathbinder,Pragmir,Quarfin,Ravenfell,Scarven,Torchbane
Amberblade,Blackwood,Copperfell,Duskbearer,Everbolt,Garnetberry,Hagsmith,Infire,Jackfather,Layswallow,Minebender,Neverwalk,Oakenbrand,Prendix,Quartus,Raymatter,Scarjen,Torchmir
Amberhall,Blackmad,Caskbrand,Demonbiter,Eveheart,Gargath,Hogsmith,Jackfin,Laylist,Minebreaker,Neverrun,Oakenfell,Pexillmar,Quarterbar,Rilmintar,Splitterfell,Taugmat
Ambertusk,Blackbriar,Cragknock,Dragmar,Everheart,Gemheart,Horgut,Jacksen,Lightbearer,Minnard,Oakhart,Redmane,Scalebiter
Ashfell,Blackwood,Greybeard,Halfhand,Jackhollow,Lingonshield,Minlest,Redbear,Sunrunner
Ashpeak,Blackknoll,Greyheart,Halfbrand,Jassilkin,Lionshield,Skyrunner
Ashspeak,Brightstone,Graymane,Jassikin,Lambbard,Skywalker
Grayhawk,Jassminkir,Loggard,Skyhawk
Greytail,Jallsikmar,Stagwalker
Greyson,Stoneberry
Spikeire
Spikemire
Summerhorn
Strongbow
Strongale
Sunderbrand
