Arcstone,Breaksand,Chiselmouth,Downton,Erntail,Fellstone,Greatjaw,Halfhand,Ironfist,Jazhammer,Kickfoot,Lightarrow,Minkerton,Newbend,Oldhorn,Park,Quickjaw,Redfern,Smallhand,Turnbow,Underhill,Vesterbend,Willowhawk
Acehollow,Breakwind,Chalkdawn,Dragonside,Echostone,Farstone,Greatstone,Halffist,Inkfist,Jamberry,Kingsberry,Lightfoot,Masterson,Newsome,Oldwithe,Page,Quickbend,Redtail,Smallback,Tallhand,Undergrove,Vinguard,Willowrun
Asterbestend,Brookdale,Cranberry,Dawnberry,Echobarrel,Farwall,Greatrock,Hollowglen,Inkhand,Jewelhand,Kingsfoot,Litwick,Maplebend,Newhill,Oldhollow,Pinkerton,Quickhollow,Rockpage,Shortrun,Tallfist,Vinegan,Whitebend
Astorwood,Brooktail,Crankbelt,Deepling,Erstwick,Farhand,Grandmouth,Hillbrand,Irken,Jackette,Kragwalker,Linkburl,Merryshines,Newberry,Orangefen,Pickleston,Quark,Rocktale,Skyspark,Trickfoot,Winkler
Astorfell,Brooktale,Caperson,Dawndale,Ergibald,Ferngill,Greensides,Hardwick,Irkbrand,Knightman,Lightstream,Maverik,Nestor,Possumwithe,Quicksilver,Redpath,Stickson,Trickson,Winkle 
Ardwick,Brighthall,Crickmouth,Dickle,Ernhelm,Fernhill,Greenside ,Huntertail,Igland,Knightly,Langford,Mavenridge,Newhaven,Postlewaithe,Quickwell,Richbarrel,Stoneberry,Tinkerton,Westberry
Agater,Barrelfun,Crickhollow,Dickletree,Evenhollow,Fallhammer,Greentail,Hunterson,Landlend,Newbody,Pickleback,Quiver,Rockseen,Stoneson,Teawell,Westbend
Agateson,Blackstone,Cherrybill,Drawberry,Eventree,Firehelm,Greenfell,Higbey,Pickswallow,Quickpath,Render,Silvertongue,Treeton
Archrock,Bottleback,Cashaw,Dalzell,Evertail,Fengully,Greenrow,Hill ,Picket,Roundhill,Silverstone,Trinketer
Applebarrel,Barrelback,Coldhorn,Dreamcatcher,Everrun,Firehand,Greenhall,Higby,Redback,Swift,Trickby
Appleton,Brownstone,Coldbrick,Everette,Firhollow,Greenrun,Hightown,Ravenswood,Swifthawk
Appleby,Bolthill,Colson,Flitwick ,Gorefuss,Highland,Ravenedge,Swiftfoot
Archfoot,Birchhallow,Crusher,Fellowtale,Gunterson,Rigbey,Stillbend
Arrowtick,Bickford,Crifton,Finback,Ghostwick,Redquill,Stillben 
Trickhollow,Crafton,Finley,Greenrow,Roseberry,Stillson
Blundell,Cliffton,Fellhammer,Greatbeam,Rosequill,Stillart
Blackburn,Chritner,Fellrock,Graybeam,Rosen,Swallowtail
Blackbill,Cavanaugh,Grayback,Stormwind
Blackquill,Crabapple,Graybeard,Stormhollow
Barrowson,Stringfellow
Burlson,Shorthalt
Staghollow
Strange 
Strangefellow
Stoneberry
