Appalonia,Becks,Chay,Dandelion,Eliza,Forna,Glenna,Hanna,Iggy,Jailin,Kailin,Leena,Moss,Nell,Olive,Pip,Qirra,Rumi,Sky,Tellin
Azanla,Becka,Choi,Dany,Ellia,Flin,Gwenna,Hellia,Izzy,Jori,Khione,Liza,Mesa,Nellin,Olivia,Pippa,Qorra,Rayna,Skyla,Teela
Axanla,Bippen,Charlee,Dania,Emma,Flynn,Gorinda,Helia,Inalia,Jasper,Kardi,Lysander,Melania,Nora,Orio,Pike,Quay,Reemela,Skye
Alania,Balli,Chii,Dazu,Emnara,Fen,Grinna,Hendara,Iris,Jelli,Kamin,Lisandre,Mera,Nova,Oona,Polly,Remelie,Splendid
Alexi,Belinda,Chili,Denny,Emza,Fenna,Grippa,Holly,Ibby,Jesren,Keema,Landy,Mina,Novim,Ovette,Polianna,Reveria,Stella
Alex ,Bip ,Chandra,Darra,Ezme,Foora,Gorra,Hera,Ida,Jamie,Karena,Lindy,Morra,Net,Orda,Prim ,Refaela,Samia
Apple,Berrit,Cassandra,Dara,Esme,Fatima,Gelda,Henna,Ima,Jayne,Karen ,Lindar,Moira,Netta,Paulia,Rainah,Sami 
Arella,Beryl,Cassy,Delda,Elleen,Faza,Garza,Hera,Iza,Jeyne,Kori,Lyrra ,Mavis,Nalia,Pansofee,Revecca,Starla
Arra,Berra,Calla,Dellra,Emmee,Fiorah,Gorma,Heliona,Izel,Jella,Kyra,Lira,Molly,Nahlia,Payzla,Rayliza
Arreta,Bip,Coral,Dilvana,Fia,Goldna,Hariett,Jewels,Kellna,Lyra,Minerva,Nasmeen,Parintia,Rosin
Arran,Bimfen,Cora ,Deema,Fiaza,Gretta,Honey,Katia,Leet,Merrit,Noreen,Panigea,Rosina
Arrantes,Bingly,Corah,Dena,Fiza,Galiza,Heliotrope,Kareena,Meryl,Nori,Penelope,Rolina
Adell,Cay,Desnara,Fila,Gella,Kip,Minny,Philberta,Roula
Adrien,Deeka,Fiona,Gerta,Kesta,Phemee,Rozaleana
Abby,Dillon,Grazline,Kala,Pimolena,Rozaren
Aggy,Dill ,Kellena,Phiala
Amina,Dyllin,Kay,Peita
Adima,Dia,Preet
Della
Desta
