Alana,Boots,Calla,Dahlia,Erda,Flora,Gwen,Hester,Iggy,Jasmina,Kailyn,Leila,Mika,Natalize,Olive,Penny,Qeena,Reena,Sky,Tammara,Uvina,Venie,Zella
Alora,Barzara,Cinder,Dani,Eliza,Fiona,Gavina,Holli,Ivy,Joleen,Kassie,Lelani,Micki,Natale,Olivine,Paloma,Qarta,Reima,Skye,Tommerina,Ursula,Venia,Zera
Alhora,Berryl,Carra,Dezi,Ellena,Fiora,Glazra ,Holly,Isabelle,Jaleen,Kathryn,Leena,Mirra,Nan,Olivia,Peony,Quaralia,Raena,Sheila,Tam ,Ursina,Varisialla,Zaphira
Aowyn,Berry ,Desiree,Ella,Freeia,Gorna,Halaria,Isa,Jamie,Kari ,Lezlie,Moss ,Olinda,Pike,Queta,Reina,Saffi,Taloma,Varialla,Zilana
Aoyll,Beliza,Eliza,Flinna,Gelina,Helleen,Isla,Jayne,Karina,Linda,Miki,Orra,Persephone,Quella,Rabi,Safira,Vazel,Zara
Aowfar,Berret,Elouise,Gorra,Hazel,Indira,Jia,Keema,Lyndalla,Miandre,Prim,Queenie,Rae ,Sabi,ZaZa
Astorina,Boxna,Erzo,Grazzy,Hadda,Jori,Kisa,Liza,Misandre,Pansee,Quen,Rey,Sabbeh,Zeila
Ash,Busy,Erso,Genna,Hizica,Jassa,Keesa,Lyza,Molly,Pati,Quezara,Raye,Sarra,Zasha
Alvamira,Banie,Ersa,Gerta,Halza,Jynn,Keila,Livia,Melazi,Pabla,Raychell,Saara,Zana
Alixia,Brax,Essa,Girta,Helia,Kiki,Liv ,Mulan,Pearl,Raychelle,Sascha
Alexandra,Ella,Henley,Kendall,Melania,Patsey,Radara,Sadie
Alixandre,Ellania,Hira,Kehough,Pass,Rabab,Sadia
Alixa ,Evette,Hera,Kasnie,Peacha,Reem,Sadaya
Aria,Evenia,Pazit,Reenia,Sadzi
Arya,Pernline,Regina,Sochi
Avril,Petula,Rane,Safee
April,Perpetua,Ren,Salwe
Aster,Pernille,Reenah,Samara
Astoria,Peoney,Res,Samtha
Alaine,Petah,Ressa,Samta
Ali,Phoebe,Rhemi,Salette
Ava,Prue,Rheyden,Sklar
Avery,Prosa,Rose,Skylar
Averil,Porsa,Riley,Ski
Pysma,Rileagh,Siveig
Axaliz,Prehara,Ritsa,Suha
Azalea,Petunia,Roisin,Suzue
Adina ,Rachette,Santje
Azolynn,Rosa,Solarzi
Rozella,Solaz
Rozalie,Speck
Roselinah
Rohanna
Rexania
Rylee
Ravena
Raven 
Rusty
