Arusan,Bellania,Celestria,Dinae,Elandizara,Feychil,Hallstrin,Jiarnia,Kausar,Lekania,Mezira,Navini,Orsullind,Prahba,Rodartia,Solzari,Tevilia,Urzula,Velia
Alinian,Belfasia,Celedrea,Dineah,El'bralizen,Feylist,Hennia,Jillina,Kendria,Lekana,Medahlia,Norfira,Orfrira,Piedad,Rovassen,Solarzi,Tuvulia,Urussian,Ven'dali
Arwyn,Belfana,Celedra,Dinnian,Ewin,Farda,Herstia,Jellsina,Kellis,Livinnia,Melanzi,Norwind,Orfinzia,Pilar,Rovien,Sellentree,Tullia,Urusan,Vusira
Aowyn,Belfasa,Cazanra,Dillistra,Franzia,Hermiones,Jesmin,Kellixa,Lysandera,Meyen,Nesalia,Orri'dahla,Portiya,Rovella,Selenzadi,Trin,Ullania,Vaneesa
Arbinia,Bellaria,Deerdran,Finnir,Harvinia,Jisinia,Kelix,Lysmin,Meyern,Nellisenna,Portija,Relwyn,Saladrielle,Tellisna,Vanessa
Agosta,Bellmain,Dirigin,Finrin,Havindella,Jeyn,Leilla,Meela,Phillypa,Shelwyn,Talisenna
Agustia,Derwyn,Leela,Melandia,Phitiniel,Senna,Tristin
Aulix,Davinnia,Livindira,Melazina,Pierette,Sienza,Trist 
Dell,Livindia,Phoyina,Sharwyn
Dellia,Photina,Shellari
Shellarn
