Azira,Bel'mira,Criztailia,Dammora,Elandizara,Festia,Gabrazia,Haeuna,Imin,Jiwoo,Kailiz,Lesedi ,Maz,Pin-yu,Queridah,Rekihah,Soobin,Varisi,Wilameza,Xel'fira,Yoonsuh,Zanherke
Aziral,Belana,Cordoza,Dejede,En-chira,Fammora,Gaberrza,Hestinia,Iminathi,Jiwaz,Kailuz,Limanthi,Malbraisia,Pin-yul,Qyntara,Reneeta,Seoyeon,Varisia,Xelandre,Yimin,Zaloma
Abrezia,Bezania,Celestira,Dennya,Eisandre,Fenrah,Godrun,Jedae,Karabo,Linamthi,Minehle,Payge,Quashi,Rhemiza,Salette,Ven'dalos,Xekka,Yeeun,Zel'alia
Arza,Baxa,Celestria,Devanri,Evania,Fenda,Ga'dra,Jimanthi,Karaza,Lamahle,Makshi,Pala,Quaha,Rhemiz ,Samana,Vindin,Xolari,Yeezana,Zera
Avia,Brazanda,Fenza,Greznia,Jimanti,Kesedi,Lavinri,Mamouda,Pallah,Qamrah,Rezah,Salyma,Vexna,Yevna,Zelphina
Avilira,Bar'meila,Foraza,Granetha,Jimma,Kimit,Laav'mar,Mezira,Panse'diel,Qadirah,Rezi,Semenfe,Yanni,Zelphira
Avex'ia,Bet'ma,Fooza,Gorshaka,Jo'pla,Panchah,Quela,Rhyane,Sefenre,Yolari,Zilana
Asala,Baza,Foodah,Gompa,Ja'plaa,Panchalea,Quaaba,Ryada,Sefeni,Zaber
Anhara,Bazoma,Fanta,Gaffrena,Jazmet,Pallavi,Qualaba,Rickma,Salome,Zike
Aizere,Bomasko,Finza,Gribaras,Jynna,Pa'kaah,Quen,Rhyangar,Sammi,Zika
Ayaru,Bomaza,Finlanzee,Gimanthi,Jaar,Paityn,Queniqua,Rhianoven,Shinek'dah,Zeta
Aisha ,Baa Mendre,Fennat,Jawara,Pelenian,Quiteree,Rhiana,Shileka,Zoobin
Ayala,Fennar,Periza,Quiteri,Rozaren,Sikale,Zoonsuh
Ayaulum,Fenly,Quiratta,Rozan,Syal,Zonia
Amogelang,Flira,Questala,Razani'ja,Sianneza,Zonella
Arzina,Queshiah,Rozeena,Shyrmya,Zyla
Quella,Rozell,Syyna,Zophia
Quabyla,Rozarniara,Solari,Zira'lan
Queneese,Rakaa
Quobah,Rakar
Qntylle
Qyn'aviel
Qyn'bylah
Quridias
Qubilab
Quabdab
